Week,Opponent,Predicted_Fantasy_Points
1.0,PHI,15.462466
2.0,NYG,18.890722
3.0,CHI,15.385337
4.0,GB,13.068247
5.0,NYJ,14.892618
6.0,CAR,18.029835
7.0,WAS,14.072943
8.0,DEN,15.656367
9.0,ARI,14.914534
11.0,LV,14.11454
12.0,PHI,15.462466
13.0,KC,14.501282
14.0,DET,15.238591
15.0,MIN,13.680031
16.0,LAC,15.573399
17.0,WAS,14.072943
18.0,NYG,18.890722
