Week,Opponent,Predicted_Fantasy_Points
1.0,DAL,20.240416
2.0,KC,18.720966
3.0,LAR,20.203907
4.0,TB,20.179134
5.0,DEN,21.235342
6.0,NYG,21.147673
7.0,MIN,21.437014
8.0,NYG,21.308895
10.0,GB,19.267038
11.0,DET,19.385927
12.0,DAL,20.709084
13.0,CHI,19.651741
14.0,LAC,21.331118
15.0,LV,19.784771
16.0,WAS,18.646187
17.0,BUF,18.678604
18.0,WAS,17.303564
