Week,Opponent,Predicted_Fantasy_Points
1.0,CLE,22.081041
2.0,JAX,22.88077
3.0,MIN,17.826822
4.0,DEN,25.596176
5.0,DET,23.01012
6.0,GB,24.553894
7.0,PIT,24.539442
8.0,NYJ,25.044245
9.0,CHI,23.087618
11.0,PIT,24.239628
12.0,NE,22.862766
13.0,BAL,24.164177
14.0,BUF,25.92589
15.0,BAL,24.164177
16.0,MIA,24.592724
17.0,ARI,26.55645
18.0,PIT,26.065527
18.0,CLE,26.42965
