Week,Opponent,Predicted_Fantasy_Points
1.0,BAL,18.951267
2.0,NYJ,25.851685
3.0,MIA,23.111477
4.0,NO,23.106781
5.0,NE,26.963129
6.0,ATL,22.923061
8.0,CAR,22.923061
9.0,KC,22.923061
10.0,MIA,22.92316
11.0,TB,23.037392
12.0,HOU,23.002258
13.0,PIT,23.29565
14.0,CIN,27.622868
15.0,NE,27.622868
16.0,CLE,27.600811
17.0,PHI,27.076687
18.0,NE,27.098213
18.0,NYJ,27.098213
