Week,Opponent,Predicted_Fantasy_Points
1,PIT,14.806048393249512
2,BUF,12.915172576904297
3,TB,16.608545303344727
4,MIA,16.90372085571289
5,DAL,16.807340621948242
6,DEN,16.882728576660156
7,CAR,15.508974075317383
8,CIN,14.209585189819336
9,BYE,0.0
10,CLE,16.564929962158203
11,NE,16.78923225402832
12,BAL,15.618888854980469
13,ATL,15.980304718017578
14,MIA,16.808490753173828
15,JAX,17.061012268066406
16,NO,15.127447128295898
17,NE,16.84552001953125
18,BUF,13.351035118103027
