Week,Opponent,Predicted_Fantasy_Points
1.0,BUF,24.518412
2.0,CLE,24.23463
3.0,DET,21.396532
4.0,KC,21.858753
5.0,HOU,24.939623
6.0,LAR,19.921923
8.0,CHI,19.059649
9.0,MIA,20.547367
10.0,MIN,23.696627
11.0,CLE,24.167171
12.0,NYJ,21.709017
13.0,CIN,21.594257
14.0,PIT,23.57179
15.0,CIN,23.183353
16.0,NE,22.046984
17.0,GB,24.416964
18.0,CLE,26.701178
18.0,PIT,24.749859
