Week,Opponent,Predicted_Fantasy_Points
1,LAC,26.99082
2,PHI,22.277494
3,NYG,21.32856
4,BAL,22.431427
5,JAX,19.371634
6,DET,17.901072
7,LV,19.37055
8,WAS,19.373806
9,BUF,17.808458
11,DEN,23.96796
12,IND,17.18271
13,DAL,20.357985
14,HOU,18.50823
15,LAC,17.800703
16,TEN,17.345657
17,DEN,22.146215
18,LV,18.208414
