Week,Opponent,Predicted_Fantasy_Points
1,HOU,13.847413063049316
2,TEN,13.673547744750977
3,PHI,13.844256401062012
4,IND,14.978073120117188
5,SF,12.66750431060791
6,BAL,12.740361213684082
7,JAX,15.943018913269043
8,BYE,0.0
9,NO,15.645740509033203
10,SF,12.66750431060791
11,SEA,13.393998146057129
12,TB,14.170037269592285
13,CAR,14.837902069091797
14,ARI,13.12337589263916
15,DET,20.631400108337402
16,SEA,12.393998146057129
17,ATL,13.608271598815918
18,ARI,16.12337589263916
