Week,Opponent,Predicted_Fantasy_Points
1,WAS,14.426275253295898
2,DAL,15.592172622680664
3,KC,14.096322059631348
4,LAC,15.810169219970703
5,NO,15.744826316833496
6,PHI,15.533914566040039
7,DEN,12.74793529510498
8,PHI,15.533914566040039
9,SF,15.239304542541504
10,CHI,15.491241455078125
11,GB,15.355188369750977
12,DET,15.583821296691895
13,NE,15.048259735107422
14,BYE,0.0
15,WAS,14.426275253295898
16,MIN,14.970678329467773
17,LV,14.63752269744873
18,CIN,15.239304542541504
18,DAL,14.512939453125
