Week,Opponent,Predicted_Fantasy_Points
1,LAC,20.217297
2,PHI,19.378567
3,NYG,19.689285
4,BAL,20.489853
5,JAX,20.304123
6,DET,20.041899
7,LV,20.853228
8,WAS,19.55416
9,BUF,19.549881
11,DEN,21.711128
12,IND,19.771105
13,DAL,20.443136
14,HOU,19.495428
15,LAC,18.812315
16,TEN,19.551321
17,DEN,21.924475
18,LV,20.865818
